Arts,18197
Articles,39794
Entertainment,47710
Academic_disciplines,3125
Self,6092
Society,119876
Health,2483
Humans,67900
Fundamental,5400
Contents,28809
World_music,2179
Information_technology,2307
Literature_by_medium,2438
Geography_of_Europe,14107
Human_skills,3812
American_countries,9542
Northern_America,2885
Skills,1603
Landmarks,5511
Music_by_nationality,1543
North_American_countries,32908
Destruction,1759
World_music_by_language,1459
Art_media,9372
Wikipedia_administration,3921
Primates,43801
Writing,5328
Television,2106
Asian_countries,1477
Music,3276
Subdivisions_of_the_United_States,14280
Employment,2376
Countries,38698
Main_topic_classifications,55676
Politics,64234
National_security,3616
Security,3386
Geography,12210
Traditions,1458
Government_by_country,3301
Anthropology,1356
Culture,2804
Fiction,1028
Atmospheric_sciences,2608
Landforms_of_Oceania,1821
Knowledge,3075
Canada,3587
Personal_life,8403
History,13450
Branches_of_philosophy,1627
Visual_arts,10044
Categories_by_country,13364
Nature,15589
Settlements,15929
Television_programming,1003
Healthcare,1933
Knowledge_sharing,5164
Science,11148
Natural_sciences,3977
Technology,8161
Anglophone_music,1118
Arts_by_country,3991
States_of_the_United_States,6652
Business,7408
Categories,4877
Arts_genres_by_country_or_nationality,4291
Music_by_genre,1016
Mammals,18164
Art_genres,1210
Earth,13646
Technology_by_type,4856
Political_geography,71461
Religious_faiths%2C_traditions%2C_and_movements,3191
Written_communication,8762
Behavior,2230
Millennia,1072
Continents,9828
Subdivisions_by_country,5556
Vertebrates,13625
Nationality,3703
Landforms,1385
Central_Europe,2682
Sports,23646
Europe,3874
Places,12093
European_countries,3116
Applied_sciences,7744
Academia,11662
Categories_by_topic,8510
Social_sciences,2746
Football_%28soccer%29,1290
England,2353
Countries_by_continent,15991
Team_sports,14078
Academic_institutions,14731
Physical_geography,4169
Performing_arts,3570
Branches_of_geography,6498
Life,7646
Education,6246
Government_occupations,1010
Countries_by_characteristic,1010
Architecture,3428
Social_institutions,2964
Cities,7991
Industry,7037
Clergy,1024
Cultural_anthropology,1077
Regions_of_Europe,1301
Regions,2578
Multi-sport_events,1355
Wireless,1563
Information,1631
North_America,4383
Cultural_conventions,1416
Thought,1775
Literature,4146
Ancient_Semitic_religions,1467
Chronology,1755
United_States,19380
Chordates,4884
Government,4404
Music_genres,1531
Industries,7519
Ethics,1322
Meteorology,1374
Human_behavior,1535
Philosophy,1081
Regions_by_continent,1057
Former_countries_by_characteristic,1047
Transportation,6537
People,4501
Folklore,1398
Military_equipment,1084
Books,1492
British_Isles,9642
Broadcasting_by_country,1039
Fish,1625
Marketing,3386
Geography_of_Canada,3970
Publishing_companies,2203
Geography_of_the_United_States,11465
Military,1099
Hobbies,1132
Provinces_and_territories_of_Canada,1154
Capitals_in_Europe,1614
Capitals,1285
Landmarks_by_country,1154
Irish_American_history,1084
Subdivisions_of_Canada,2257
Film,1399
History_of_the_United_States_by_ethnic_group,1106
American_West,1324
Settlements_by_country,4250
Regions_of_the_United_States,2184
Ancient_people,1030
Oceania,1982
States_of_the_American_West,1401
Geography_of_the_United_States_by_state,1074
Football,1257
Cities_by_country,1361
Tropics,2711
Organisms,5403
Eukaryotes,9415
Atmosphere,1309
People_by_occupation,5507
Awards,1791
Schools,1668
Categories_by_nationality,3172
Sports_by_country,2813
Odd-toed_ungulates,1361
Geography_by_country,1144
Sport_in_Europe,1170
European_politics,3763
Animals,6096
Education_by_location,1400
Birds_by_classification,1511
Society-related_lists,1621
Eastern_Europe,1018
Radio_stations_in_Washington,3499
